1,2020-08-04,
2,2020-08-04,
3,2020-08-04,
4,2020-08-04,
5,2020-08-04,
6,2020-08-04,
7,2020-08-04,
8,2020-08-04,
9,2020-08-04,
10,2020-08-04,
11,2020-08-04,
12,2020-08-04,
13,2020-08-04,
14,2020-08-04,
15,2020-08-04,
16,2020-08-04,
17,2020-08-04,
18,2020-08-04,
19,2020-08-04,
20,2020-08-04,
21,2020-08-04,
22,2020-08-04,
23,2020-08-04,
24,2020-08-04,
25,2020-08-04,
26,2020-08-04,
27,2020-08-04,
28,2020-08-04,
29,2020-08-04,
30,2020-08-04,
31,2020-08-04,
32,2020-08-04,
33,2020-08-04,
34,2020-08-04,
35,2020-08-04,
36,2020-08-04,
37,2020-08-04,
38,2020-08-04,
39,2020-08-04,
40,2020-08-04,
41,2020-08-04,
42,2020-08-04,
43,2020-08-04,
44,2020-08-04,
45,2020-08-04,
46,2020-08-04,
47,2020-08-04,
48,2020-08-04,
49,2020-08-04,
50,2020-08-04,
51,2020-08-04,
52,2020-08-04,
53,2020-08-04,
54,2020-08-04,
55,2020-08-04,
56,2020-08-04,
57,2020-08-04,
58,2020-08-04,
59,2020-08-04,
60,2020-08-04,
61,2020-08-04,
62,2020-08-04,
63,2020-08-04,
64,2020-08-04,
65,2020-08-04,
66,2020-08-04,
67,2020-08-04,
68,2020-08-04,
69,2020-08-04,
70,2020-08-04,
71,2020-08-04,
72,2020-08-04,
73,2020-08-04,
74,2020-08-04,
75,2020-08-04,
76,2020-08-04,
77,2020-08-04,
78,2020-08-04,
79,2020-08-04,
80,2020-08-04,
81,2020-08-04,
82,2020-08-04,
83,2020-08-04,
84,2020-08-04,
85,2020-08-04,
86,2020-08-04,
87,2020-08-04,
88,2020-08-04,
89,2020-08-04,
90,2020-08-04,
91,2020-08-04,
92,2020-08-04,
93,2020-08-04,
94,2020-08-04,
95,2020-08-04,
96,2020-08-04,
97,2020-08-04,
98,2020-08-04,
99,2020-08-04,
100,2020-08-04,
101,2020-08-04,
102,2020-08-04,
103,2020-08-04,
104,2020-08-04,
105,2020-08-04,
106,2020-08-04,
107,2020-08-04,
108,2020-08-04,
109,2020-08-04,
110,2020-08-04,
111,2020-08-04,
112,2020-08-04,
113,2020-08-04,
114,2020-08-04,
115,2020-08-04,
116,2020-08-04,
117,2020-08-04,
118,2020-08-04,
119,2020-08-04,
120,2020-08-04,
121,2020-08-04,
122,2020-08-04,
123,2020-08-04,
124,2020-08-04,
125,2020-08-04,
126,2020-08-04,
127,2020-08-04,
128,2020-08-04,
129,2020-08-04,
130,2020-08-04,
131,2020-08-04,
132,2020-08-04,
133,2020-08-04,
134,2020-08-04,
135,2020-08-04,
136,2020-08-04,
137,2020-08-04,
138,2020-08-04,
139,2020-08-04,
140,2020-08-04,
141,2020-08-04,
142,2020-08-04,
143,2020-08-04,
144,2020-08-04,
145,2020-08-04,
146,2020-08-04,
147,2020-08-04,
148,2020-08-04,
149,2020-08-04,
150,2020-08-04,
151,2020-08-04,
152,2020-08-04,
153,2020-08-04,
154,2020-08-04,
155,2020-08-04,
156,2020-08-04,
157,2020-08-04,
158,2020-08-04,
159,2020-08-04,
160,2020-08-04,
161,2020-08-04,
162,2020-08-04,
163,2020-08-04,
164,2020-08-04,
165,2020-08-04,
166,2020-08-04,
167,2020-08-04,
168,2020-08-04,
169,2020-08-04,
170,2020-08-04,
171,2020-08-04,
172,2020-08-04,
173,2020-08-04,
174,2020-08-04,
175,2020-08-04,
176,2020-08-04,
177,2020-08-04,
178,2020-08-04,
179,2020-08-04,
180,2020-08-04,
181,2020-08-04,
182,2020-08-04,
183,2020-08-04,
184,2020-08-04,
185,2020-08-04,
186,2020-08-04,
187,2020-08-04,
188,2020-08-04,
189,2020-08-04,
190,2020-08-04,
191,2020-08-04,
192,2020-08-04,
193,2020-08-04,
194,2020-08-04,
195,2020-08-04,
196,2020-08-04,
197,2020-08-04,
198,2020-08-04,
199,2020-08-04,
200,2020-08-04,
201,2020-08-04,
202,2020-08-04,
203,2020-08-04,
204,2020-08-04,
205,2020-08-04,
206,2020-08-04,
207,2020-08-04,
208,2020-08-04,
209,2020-08-04,
210,2020-08-04,
211,2020-08-04,
212,2020-08-04,
213,2020-08-04,
214,2020-08-04,
215,2020-08-04,
216,2020-08-04,
217,2020-08-04,
218,2020-08-04,
219,2020-08-04,
220,2020-08-04,
221,2020-08-04,
222,2020-08-04,
223,2020-08-04,
224,2020-08-04,
225,2020-08-04,
226,2020-08-04,
227,2020-08-04,
228,2020-08-04,
229,2020-08-04,
230,2020-08-04,
231,2020-08-04,
232,2020-08-04,
233,2020-08-04,
234,2020-08-04,
235,2020-08-04,
236,2020-08-04,
237,2020-08-04,
238,2020-08-04,
239,2020-08-04,
240,2020-08-04,
241,2020-08-04,
242,2020-08-04,
243,2020-08-04,
244,2020-08-04,
245,2020-08-04,
246,2020-08-04,
247,2020-08-04,
248,2020-08-04,
249,2020-08-04,
250,2020-08-04,
251,2020-08-04,
252,2020-08-04,
253,2020-08-04,
254,2020-08-04,
255,2020-08-04,
256,2020-08-04,
257,2020-08-04,
258,2020-08-04,
259,2020-08-04,
260,2020-08-04,
261,2020-08-04,
262,2020-08-04,
263,2020-08-04,
264,2020-08-04,
265,2020-08-04,
266,2020-08-04,
267,2020-08-04,
268,2020-08-04,
269,2020-08-04,
270,2020-08-04,
271,2020-08-04,
272,2020-08-04,
273,2020-08-04,
274,2020-08-04,
275,2020-08-04,
276,2020-08-04,
277,2020-08-04,
278,2020-08-04,
279,2020-08-04,
280,2020-08-04,
281,2020-08-04,
282,2020-08-04,
283,2020-08-04,
284,2020-08-04,
285,2020-08-04,
286,2020-08-04,
287,2020-08-04,
288,2020-08-04,
289,2020-08-04,
290,2020-08-04,
291,2020-08-04,
292,2020-08-04,
293,2020-08-04,
294,2020-08-04,
295,2020-08-04,
296,2020-08-04,
297,2020-08-04,
298,2020-08-04,
299,2020-08-04,
300,2020-08-04,
301,2020-08-04,
302,2020-08-04,
303,2020-08-04,
304,2020-08-04,
305,2020-08-04,
306,2020-08-04,
307,2020-08-04,
308,2020-08-04,
309,2020-08-04,
310,2020-08-04,
311,2020-08-04,
312,2020-08-04,
313,2020-08-04,
314,2020-08-04,
315,2020-08-04,
316,2020-08-04,
317,2020-08-04,
318,2020-08-04,
319,2020-08-04,
320,2020-08-04,
321,2020-08-04,
322,2020-08-04,
323,2020-08-04,
324,2020-08-04,
325,2020-08-04,
326,2020-08-04,
327,2020-08-04,
328,2020-08-04,
329,2020-08-04,
330,2020-08-04,
331,2020-08-04,
332,2020-08-04,
333,2020-08-04,
334,2020-08-04,
335,2020-08-04,
336,2020-08-04,
337,2020-08-04,
338,2020-08-04,
339,2020-08-04,
340,2020-08-04,
341,2020-08-04,
342,2020-08-04,
343,2020-08-04,
344,2020-08-04,
345,2020-08-04,
346,2020-08-04,
347,2020-08-04,
348,2020-08-04,
349,2020-08-04,
350,2020-08-04,
351,2020-08-04,
352,2020-08-04,
353,2020-08-04,
354,2020-08-04,
355,2020-08-04,
356,2020-08-04,
357,2020-08-04,
358,2020-08-04,
359,2020-08-04,
360,2020-08-04,
361,2020-08-04,
362,2020-08-04,
363,2020-08-04,
364,2020-08-04,
365,2020-08-04,
366,2020-08-04,
367,2020-08-04,
368,2020-08-04,
369,2020-08-04,
370,2020-08-04,
371,2020-08-04,
372,2020-08-04,
373,2020-08-04,
374,2020-08-04,
375,2020-08-04,
376,2020-08-04,
377,2020-08-04,
378,2020-08-04,
379,2020-08-04,
380,2020-08-04,
381,2020-08-04,
382,2020-08-04,
383,2020-08-04,
384,2020-08-04,
385,2020-08-04,
386,2020-08-04,
387,2020-08-04,
388,2020-08-04,
389,2020-08-04,
390,2020-08-04,
391,2020-08-04,
392,2020-08-04,
393,2020-08-04,
394,2020-08-04,
395,2020-08-04,
396,2020-08-04,
397,2020-08-04,
398,2020-08-04,
399,2020-08-04,
400,2020-08-04,
401,2020-08-04,
402,2020-08-04,
403,2020-08-04,
404,2020-08-04,
405,2020-08-04,
406,2020-08-04,
407,2020-08-04,
408,2020-08-04,
409,2020-08-04,
410,2020-08-04,
411,2020-08-04,
412,2020-08-04,
413,2020-08-04,
414,2020-08-04,
415,2020-08-04,
416,2020-08-04,
417,2020-08-04,
418,2020-08-04,
419,2020-08-04,
420,2020-08-04,
421,2020-08-04,
422,2020-08-04,
423,2020-08-04,
424,2020-08-04,
425,2020-08-04,
426,2020-08-04,
427,2020-08-04,
428,2020-08-04,
429,2020-08-04,
430,2020-08-04,
431,2020-08-04,
432,2020-08-04,
433,2020-08-04,
434,2020-08-04,
435,2020-08-04,
436,2020-08-04,
437,2020-08-04,
438,2020-08-04,
439,2020-08-04,
440,2020-08-04,
441,2020-08-04,
442,2020-08-04,
443,2020-08-04,
444,2020-08-04,
445,2020-08-04,
446,2020-08-04,
447,2020-08-04,
448,2020-08-04,
449,2020-08-04,
450,2020-08-04,
451,2020-08-04,
452,2020-08-04,
453,2020-08-04,
454,2020-08-04,
455,2020-08-04,
456,2020-08-04,
457,2020-08-04,
458,2020-08-04,
459,2020-08-04,
460,2020-08-04,
461,2020-08-04,
462,2020-08-04,
463,2020-08-04,
464,2020-08-04,
465,2020-08-04,
466,2020-08-04,
467,2020-08-04,
468,2020-08-04,
469,2020-08-04,
470,2020-08-04,
471,2020-08-04,
472,2020-08-04,
473,2020-08-04,
474,2020-08-04,
475,2020-08-04,
476,2020-08-04,
477,2020-08-04,
478,2020-08-04,
479,2020-08-04,
480,2020-08-04,
481,2020-08-04,
482,2020-08-04,
483,2020-08-04,
484,2020-08-04,
485,2020-08-04,
486,2020-08-04,
487,2020-08-04,
488,2020-08-04,
489,2020-08-04,
490,2020-08-04,
491,2020-08-04,
492,2020-08-04,
493,2020-08-04,
494,2020-08-04,
495,2020-08-04,
496,2020-08-04,
497,2020-08-04,
498,2020-08-04,
499,2020-08-04,
500,2020-08-04,
501,2020-08-04,
502,2020-08-04,
503,2020-08-04,
504,2020-08-04,
505,2020-08-04,
506,2020-08-04,
507,2020-08-04,
508,2020-08-04,
509,2020-08-04,
510,2020-08-04,
511,2020-08-04,
512,2020-08-04,
513,2020-08-04,
514,2020-08-04,
515,2020-08-04,
516,2020-08-04,
517,2020-08-04,
518,2020-08-04,
519,2020-08-04,
520,2020-08-04,
521,2020-08-04,
522,2020-08-04,
523,2020-08-04,
524,2020-08-04,
525,2020-08-04,
526,2020-08-04,
527,2020-08-04,
528,2020-08-04,
529,2020-08-04,
530,2020-08-04,
531,2020-08-04,
532,2020-08-04,
533,2020-08-04,
534,2020-08-04,
535,2020-08-04,
536,2020-08-04,
537,2020-08-04,
538,2020-08-04,
539,2020-08-04,
540,2020-08-04,
541,2020-08-04,
542,2020-08-04,
543,2020-08-04,
544,2020-08-04,
545,2020-08-04,
546,2020-08-04,
547,2020-08-04,
548,2020-08-04,
549,2020-08-04,
550,2020-08-04,
551,2020-08-04,
552,2020-08-04,
553,2020-08-04,
554,2020-08-04,
555,2020-08-04,
556,2020-08-04,
557,2020-08-04,
558,2020-08-04,
559,2020-08-04,
560,2020-08-04,
561,2020-08-04,
562,2020-08-04,
563,2020-08-04,
564,2020-08-04,
565,2020-08-04,
566,2020-08-04,
567,2020-08-04,
568,2020-08-04,
569,2020-08-04,
570,2020-08-04,
571,2020-08-04,
572,2020-08-04,
573,2020-08-04,
574,2020-08-04,
575,2020-08-04,
576,2020-08-04,
577,2020-08-04,
578,2020-08-04,
579,2020-08-04,
580,2020-08-04,
581,2020-08-04,
582,2020-08-04,
583,2020-08-04,
584,2020-08-04,
585,2020-08-04,
586,2020-08-04,
587,2020-08-04,
588,2020-08-04,
589,2020-08-04,
590,2020-08-04,
591,2020-08-04,
592,2020-08-04,
593,2020-08-04,
594,2020-08-04,
595,2020-08-04,
596,2020-08-04,
597,2020-08-04,
598,2020-08-04,
599,2020-08-04,
600,2020-08-04,
601,2020-08-04,
602,2020-08-04,
603,2020-08-04,
604,2020-08-04,
605,2020-08-04,
606,2020-08-04,
607,2020-08-04,
608,2020-08-04,
609,2020-08-04,
610,2020-08-04,
611,2020-08-04,
612,2020-08-04,
613,2020-08-04,
614,2020-08-04,
615,2020-08-04,
616,2020-08-04,
617,2020-08-04,
618,2020-08-04,
619,2020-08-04,
620,2020-08-04,
621,2020-08-04,
622,2020-08-04,
623,2020-08-04,
624,2020-08-04,
625,2020-08-04,
626,2020-08-04,
627,2020-08-04,
628,2020-08-04,
629,2020-08-04,
630,2020-08-04,
631,2020-08-04,
632,2020-08-04,
633,2020-08-04,
634,2020-08-04,
635,2020-08-04,
636,2020-08-04,
637,2020-08-04,
638,2020-08-04,
639,2020-08-04,
640,2020-08-04,
641,2020-08-04,
642,2020-08-04,
643,2020-08-04,
644,2020-08-04,
645,2020-08-04,
646,2020-08-04,
647,2020-08-04,
648,2020-08-04,
649,2020-08-04,
650,2020-08-04,
651,2020-08-04,
652,2020-08-04,
653,2020-08-04,
654,2020-08-04,
655,2020-08-04,
656,2020-08-04,
657,2020-08-04,
658,2020-08-04,
659,2020-08-04,
660,2020-08-04,
661,2020-08-04,
662,2020-08-04,
663,2020-08-04,
664,2020-08-04,
665,2020-08-04,
666,2020-08-04,
667,2020-08-04,
668,2020-08-04,
669,2020-08-04,
670,2020-08-04,
671,2020-08-04,
672,2020-08-04,
673,2020-08-04,
674,2020-08-04,
675,2020-08-04,
676,2020-08-04,
677,2020-08-04,
678,2020-08-04,
679,2020-08-04,
680,2020-08-04,
681,2020-08-04,
682,2020-08-04,
683,2020-08-04,
684,2020-08-04,
685,2020-08-04,
686,2020-08-04,
687,2020-08-04,
688,2020-08-04,
689,2020-08-04,
690,2020-08-04,
691,2020-08-04,
692,2020-08-04,
693,2020-08-04,
694,2020-08-04,
695,2020-08-04,
696,2020-08-04,
697,2020-08-04,
698,2020-08-04,
699,2020-08-04,
700,2020-08-04,
701,2020-08-04,
702,2020-08-04,
703,2020-08-04,
704,2020-08-04,
705,2020-08-04,
706,2020-08-04,
707,2020-08-04,
708,2020-08-04,
709,2020-08-04,
710,2020-08-04,
711,2020-08-04,
712,2020-08-04,
713,2020-08-04,
714,2020-08-04,
715,2020-08-04,
716,2020-08-04,
717,2020-08-04,
718,2020-08-04,
719,2020-08-04,
720,2020-08-04,
721,2020-08-04,
722,2020-08-04,
723,2020-08-04,
724,2020-08-04,
725,2020-08-04,
726,2020-08-04,
727,2020-08-04,
728,2020-08-04,
729,2020-08-04,
730,2020-08-04,
731,2020-08-04,
732,2020-08-04,
733,2020-08-04,
734,2020-08-04,
735,2020-08-04,
736,2020-08-04,
737,2020-08-04,
738,2020-08-04,
739,2020-08-04,
740,2020-08-04,
741,2020-08-04,
742,2020-08-04,
743,2020-08-04,
744,2020-08-04,
745,2020-08-04,
746,2020-08-04,
747,2020-08-04,
748,2020-08-04,
749,2020-08-04,
750,2020-08-04,
751,2020-08-04,
752,2020-08-04,
753,2020-08-04,
754,2020-08-04,
755,2020-08-04,
756,2020-08-04,
757,2020-08-04,
758,2020-08-04,
759,2020-08-04,
760,2020-08-04,
761,2020-08-04,
762,2020-08-04,
763,2020-08-04,
764,2020-08-04,
765,2020-08-04,
766,2020-08-04,
767,2020-08-04,
768,2020-08-04,
769,2020-08-04,
770,2020-08-04,
771,2020-08-04,
772,2020-08-04,
773,2020-08-04,
774,2020-08-04,
775,2020-08-04,
776,2020-08-04,
777,2020-08-04,
778,2020-08-04,
779,2020-08-04,
780,2020-08-04,
781,2020-08-04,
782,2020-08-04,
783,2020-08-04,
784,2020-08-04,
785,2020-08-04,
786,2020-08-04,
787,2020-08-04,
788,2020-08-04,
789,2020-08-04,
790,2020-08-04,
791,2020-08-04,
792,2020-08-04,
793,2020-08-04,
794,2020-08-04,
795,2020-08-04,
796,2020-08-04,
797,2020-08-04,
798,2020-08-04,
799,2020-08-04,
800,2020-08-04,
801,2020-08-04,
802,2020-08-04,
803,2020-08-04,
804,2020-08-04,
805,2020-08-04,
806,2020-08-04,
807,2020-08-04,
808,2020-08-04,
809,2020-08-04,
810,2020-08-04,
811,2020-08-04,
812,2020-08-04,
813,2020-08-04,
814,2020-08-04,
815,2020-08-04,
816,2020-08-04,
817,2020-08-04,
818,2020-08-04,
819,2020-08-04,
820,2020-08-04,
821,2020-08-04,
822,2020-08-04,
823,2020-08-04,
824,2020-08-04,
825,2020-08-04,
826,2020-08-04,
827,2020-08-04,
828,2020-08-04,
829,2020-08-04,
830,2020-08-04,
831,2020-08-04,
832,2020-08-04,
833,2020-08-04,
834,2020-08-04,
835,2020-08-04,
836,2020-08-04,
837,2020-08-04,
838,2020-08-04,
839,2020-08-04,
840,2020-08-04,
841,2020-08-04,
842,2020-08-04,
843,2020-08-04,
844,2020-08-04,
845,2020-08-04,
846,2020-08-04,
847,2020-08-04,
848,2020-08-04,
849,2020-08-04,
850,2020-08-04,
851,2020-08-04,
852,2020-08-04,
853,2020-08-04,
854,2020-08-04,
855,2020-08-04,
856,2020-08-04,
857,2020-08-04,
858,2020-08-04,
859,2020-08-04,
860,2020-08-04,
861,2020-08-04,
862,2020-08-04,
863,2020-08-04,
864,2020-08-04,
865,2020-08-04,
866,2020-08-04,
867,2020-08-04,
868,2020-08-04,
869,2020-08-04,
870,2020-08-04,
871,2020-08-04,
872,2020-08-04,
873,2020-08-04,
874,2020-08-04,
875,2020-08-04,
876,2020-08-04,
877,2020-08-04,
878,2020-08-04,
879,2020-08-04,
880,2020-08-04,
881,2020-08-04,
882,2020-08-04,
883,2020-08-04,
884,2020-08-04,
885,2020-08-04,
886,2020-08-04,
887,2020-08-04,
888,2020-08-04,
889,2020-08-04,
890,2020-08-04,
891,2020-08-04,
892,2020-08-04,
893,2020-08-04,
894,2020-08-04,
895,2020-08-04,
896,2020-08-04,
897,2020-08-04,
898,2020-08-04,
899,2020-08-04,
900,2020-08-04,
901,2020-08-04,
902,2020-08-04,
903,2020-08-04,
904,2020-08-04,
905,2020-08-04,
906,2020-08-04,
907,2020-08-04,
908,2020-08-04,
909,2020-08-04,
910,2020-08-04,
911,2020-08-04,
912,2020-08-04,
913,2020-08-04,
914,2020-08-04,
915,2020-08-04,
916,2020-08-04,
917,2020-08-04,
918,2020-08-04,
919,2020-08-04,
920,2020-08-04,
921,2020-08-04,
922,2020-08-04,
923,2020-08-04,
924,2020-08-04,
925,2020-08-04,
926,2020-08-04,
927,2020-08-04,
928,2020-08-04,
929,2020-08-04,
930,2020-08-04,
931,2020-08-04,
932,2020-08-04,
933,2020-08-04,
934,2020-08-04,
935,2020-08-04,
936,2020-08-04,
937,2020-08-04,
938,2020-08-04,
939,2020-08-04,
940,2020-08-04,
941,2020-08-04,
942,2020-08-04,
943,2020-08-04,
944,2020-08-04,
945,2020-08-04,
946,2020-08-04,
947,2020-08-04,
948,2020-08-04,
949,2020-08-04,
950,2020-08-04,
951,2020-08-04,
952,2020-08-04,
953,2020-08-04,
954,2020-08-04,
955,2020-08-04,
956,2020-08-04,
957,2020-08-04,
958,2020-08-04,
959,2020-08-04,
960,2020-08-04,
961,2020-08-04,
962,2020-08-04,
963,2020-08-04,
964,2020-08-04,
965,2020-08-04,
966,2020-08-04,
967,2020-08-04,
968,2020-08-04,
969,2020-08-04,
970,2020-08-04,
971,2020-08-04,
972,2020-08-04,
973,2020-08-04,
974,2020-08-04,
975,2020-08-04,
976,2020-08-04,
977,2020-08-04,
978,2020-08-04,
979,2020-08-04,
980,2020-08-04,
981,2020-08-04,
982,2020-08-04,
983,2020-08-04,
984,2020-08-04,
985,2020-08-04,
986,2020-08-04,
987,2020-08-04,
988,2020-08-04,
989,2020-08-04,
990,2020-08-04,
991,2020-08-04,
992,2020-08-04,
993,2020-08-04,
994,2020-08-04,
995,2020-08-04,
996,2020-08-04,
997,2020-08-04,
998,2020-08-04,
999,2020-08-04,
1000,2020-08-04,
1001,2020-08-04,
1002,2020-08-04,
1003,2020-08-04,
1004,2020-08-04,
1005,2020-08-04,
1006,2020-08-04,
1007,2020-08-04,
1008,2020-08-04,
1009,2020-08-04,
1010,2020-08-04,
1011,2020-08-04,
1012,2020-08-04,
1013,2020-08-04,
1014,2020-08-04,
1015,2020-08-04,
1016,2020-08-04,
1017,2020-08-04,
1018,2020-08-04,
1019,2020-08-04,
1020,2020-08-04,
1021,2020-08-04,
1022,2020-08-04,
1023,2020-08-04,
1024,2020-08-04,
1025,2020-08-04,
1026,2020-08-04,
1027,2020-08-04,
1028,2020-08-04,
1029,2020-08-04,
1030,2020-08-04,
1031,2020-08-04,
1032,2020-08-04,
1033,2020-08-04,
1034,2020-08-04,
1035,2020-08-04,
1036,2020-08-04,
1037,2020-08-04,
1038,2020-08-04,
1039,2020-08-04,
1040,2020-08-04,
1041,2020-08-04,
1042,2020-08-04,
1043,2020-08-04,
1044,2020-08-04,
1045,2020-08-04,
1046,2020-08-04,
1047,2020-08-04,
1048,2020-08-04,
1049,2020-08-04,
1050,2020-08-04,
1051,2020-08-04,
1052,2020-08-04,
1053,2020-08-04,
1054,2020-08-04,
1055,2020-08-04,
1056,2020-08-04,
1057,2020-08-04,
1058,2020-08-04,
1059,2020-08-04,
1060,2020-08-04,
1061,2020-08-04,
1062,2020-08-04,
1063,2020-08-04,
1064,2020-08-04,
1065,2020-08-04,
1066,2020-08-04,
1067,2020-08-04,
1068,2020-08-04,
1069,2020-08-04,
1070,2020-08-04,
1071,2020-08-04,
1072,2020-08-04,
1073,2020-08-04,
1074,2020-08-04,
1075,2020-08-04,
1076,2020-08-04,
1077,2020-08-04,
1078,2020-08-04,
1079,2020-08-04,
1080,2020-08-04,
1081,2020-08-04,
1082,2020-08-04,
1083,2020-08-04,
1084,2020-08-04,
1085,2020-08-04,
1086,2020-08-04,
1087,2020-08-04,
1088,2020-08-04,
1089,2020-08-04,
1090,2020-08-04,
1091,2020-08-04,
1092,2020-08-04,
1093,2020-08-04,
1094,2020-08-04,
1095,2020-08-04,
1096,2020-08-04,
1097,2020-08-04,
1098,2020-08-04,
1099,2020-08-04,
1100,2020-08-04,
1101,2020-08-04,
1102,2020-08-04,
1103,2020-08-04,
1104,2020-08-04,
1105,2020-08-04,
1106,2020-08-04,
1107,2020-08-04,
1108,2020-08-04,
1109,2020-08-04,
1110,2020-08-04,
1111,2020-08-04,
1112,2020-08-04,
1113,2020-08-04,
1114,2020-08-04,
1115,2020-08-04,
1116,2020-08-04,
1117,2020-08-04,
1118,2020-08-04,
1119,2020-08-04,
1120,2020-08-04,
1121,2020-08-04,
1122,2020-08-04,
1123,2020-08-04,
1124,2020-08-04,
1125,2020-08-04,
1126,2020-08-04,
1127,2020-08-04,
1128,2020-08-04,
1129,2020-08-04,
1130,2020-08-04,
1131,2020-08-04,
1132,2020-08-04,
1133,2020-08-04,
1134,2020-08-04,
1135,2020-08-04,
1136,2020-08-04,
1137,2020-08-04,
1138,2020-08-04,
1139,2020-08-04,
1140,2020-08-04,
1141,2020-08-04,
1142,2020-08-04,
1143,2020-08-04,
1144,2020-08-04,
1145,2020-08-04,
1146,2020-08-04,
1147,2020-08-04,
1148,2020-08-04,
1149,2020-08-04,
1150,2020-08-04,
1151,2020-08-04,
1152,2020-08-04,
1153,2020-08-04,
1154,2020-08-04,
1155,2020-08-04,
1156,2020-08-04,
1157,2020-08-04,
1158,2020-08-04,
1159,2020-08-04,
1160,2020-08-04,
1161,2020-08-04,
1162,2020-08-04,
1163,2020-08-04,
1164,2020-08-04,
1165,2020-08-04,
1166,2020-08-04,
1167,2020-08-04,
1168,2020-08-04,
1169,2020-08-04,
1170,2020-08-04,
1171,2020-08-04,
1172,2020-08-04,
1173,2020-08-04,
1174,2020-08-04,
1175,2020-08-04,
1176,2020-08-04,
1177,2020-08-04,
1178,2020-08-04,
1179,2020-08-04,
1180,2020-08-04,
1181,2020-08-04,
1182,2020-08-04,
1183,2020-08-04,
1184,2020-08-04,
1185,2020-08-04,
1186,2020-08-04,
1187,2020-08-04,
1188,2020-08-04,
1189,2020-08-04,
1190,2020-08-04,
1191,2020-08-04,
1192,2020-08-04,
1193,2020-08-04,
1194,2020-08-04,
1195,2020-08-04,
1196,2020-08-04,
1197,2020-08-04,
1198,2020-08-04,
1199,2020-08-04,
1200,2020-08-04,
1201,2020-08-04,
1202,2020-08-04,
1203,2020-08-04,
1204,2020-08-04,
1205,2020-08-04,
1206,2020-08-04,
1207,2020-08-04,
1208,2020-08-04,
1209,2020-08-04,
1210,2020-08-04,
1211,2020-08-04,
1212,2020-08-04,
1213,2020-08-04,
1214,2020-08-04,
1215,2020-08-04,
1216,2020-08-04,
1217,2020-08-04,
1218,2020-08-04,
1219,2020-08-04,
1220,2020-08-04,
1221,2020-08-04,
1222,2020-08-04,
1223,2020-08-04,
1224,2020-08-04,
1225,2020-08-04,
1226,2020-08-04,
1227,2020-08-04,
1228,2020-08-04,
1229,2020-08-04,
1230,2020-08-04,
1231,2020-08-04,
1232,2020-08-04,
1233,2020-08-04,
1234,2020-08-04,
1235,2020-08-04,
1236,2020-08-04,
1237,2020-08-04,
1238,2020-08-04,
1239,2020-08-04,
1240,2020-08-04,
1241,2020-08-04,
1242,2020-08-04,
1243,2020-08-04,
1244,2020-08-04,
1245,2020-08-04,
1246,2020-08-04,
1247,2020-08-04,
1248,2020-08-04,
1249,2020-08-04,
1250,2020-08-04,
1251,2020-08-04,
1252,2020-08-04,
1253,2020-08-04,
1254,2020-08-04,
1255,2020-08-04,
1256,2020-08-04,
1257,2020-08-04,
1258,2020-08-04,
1259,2020-08-04,
1260,2020-08-04,
1261,2020-08-04,
1262,2020-08-04,
1263,2020-08-04,
1264,2020-08-04,
1265,2020-08-04,
1266,2020-08-04,
1267,2020-08-04,
1268,2020-08-04,
1269,2020-08-04,
1270,2020-08-04,
1271,2020-08-04,
1272,2020-08-04,
1273,2020-08-04,
1274,2020-08-04,
1275,2020-08-04,
1276,2020-08-04,
1277,2020-08-04,
1278,2020-08-04,
1279,2020-08-04,
1280,2020-08-04,
1281,2020-08-04,
1282,2020-08-04,
1283,2020-08-04,
1284,2020-08-04,
1285,2020-08-04,
1286,2020-08-04,
1287,2020-08-04,
1288,2020-08-04,
1289,2020-08-04,
1290,2020-08-04,
1291,2020-08-04,
1292,2020-08-04,
1293,2020-08-04,
1294,2020-08-04,
1295,2020-08-04,
1296,2020-08-04,
1297,2020-08-04,
1298,2020-08-04,
1299,2020-08-04,
1300,2020-08-04,
1301,2020-08-04,
1302,2020-08-04,
1303,2020-08-04,
1304,2020-08-04,
1305,2020-08-04,
1306,2020-08-04,
1307,2020-08-04,
1308,2020-08-04,
1309,2020-08-04,
1310,2020-08-04,
1311,2020-08-04,
1312,2020-08-04,
1313,2020-08-04,
1314,2020-08-04,
1315,2020-08-04,
1316,2020-08-04,
1317,2020-08-04,
1318,2020-08-04,
1319,2020-08-04,
1320,2020-08-04,
1321,2020-08-04,
1322,2020-08-04,
1323,2020-08-04,
1324,2020-08-04,
1325,2020-08-04,
1326,2020-08-04,
1327,2020-08-04,
1328,2020-08-04,
1329,2020-08-04,
1330,2020-08-04,
1331,2020-08-04,
1332,2020-08-04,
1333,2020-08-04,
1334,2020-08-04,
1335,2020-08-04,
1336,2020-08-04,
1337,2020-08-04,
1338,2020-08-04,
1339,2020-08-04,
1340,2020-08-04,
1341,2020-08-04,
1342,2020-08-04,
1343,2020-08-04,
1344,2020-08-04,
1345,2020-08-04,
1346,2020-08-04,
1347,2020-08-04,
1348,2020-08-04,
1349,2020-08-04,
1350,2020-08-04,
1351,2020-08-04,
1352,2020-08-04,
1353,2020-08-04,
1354,2020-08-04,
1355,2020-08-04,
1356,2020-08-04,
1357,2020-08-04,
1358,2020-08-04,
1359,2020-08-04,
1360,2020-08-04,
1361,2020-08-04,
1362,2020-08-04,
1363,2020-08-04,
1364,2020-08-04,
1365,2020-08-04,
1366,2020-08-04,
1367,2020-08-04,
1368,2020-08-04,
1369,2020-08-04,
1370,2020-08-04,
1371,2020-08-04,
1372,2020-08-04,
1373,2020-08-04,
1374,2020-08-04,
1375,2020-08-04,
1376,2020-08-04,
1377,2020-08-04,
1378,2020-08-04,
1379,2020-08-04,
1380,2020-08-04,
1381,2020-08-04,
1382,2020-08-04,
1383,2020-08-04,
1384,2020-08-04,
1385,2020-08-04,
1386,2020-08-04,
1387,2020-08-04,
1388,2020-08-04,
1389,2020-08-04,
1390,2020-08-04,
1391,2020-08-04,
1392,2020-08-04,
1393,2020-08-04,
1394,2020-08-04,
1395,2020-08-04,
1396,2020-08-04,
1397,2020-08-04,
1398,2020-08-04,
1399,2020-08-04,
1400,2020-08-04,
1401,2020-08-04,
1402,2020-08-04,
1403,2020-08-04,
1404,2020-08-04,
1405,2020-08-04,
1406,2020-08-04,
1407,2020-08-04,
1408,2020-08-04,
1409,2020-08-04,
1410,2020-08-04,
1411,2020-08-04,
1412,2020-08-04,
1413,2020-08-04,
1414,2020-08-04,
1415,2020-08-04,
1416,2020-08-04,
1417,2020-08-04,
1418,2020-08-04,
1419,2020-08-04,
1420,2020-08-04,
1421,2020-08-04,
1422,2020-08-04,
1423,2020-08-04,
1424,2020-08-04,
1425,2020-08-04,
1426,2020-08-04,
1427,2020-08-04,
1428,2020-08-04,
1429,2020-08-04,
1430,2020-08-04,
1431,2020-08-04,
1432,2020-08-04,
1433,2020-08-04,
1434,2020-08-04,
1435,2020-08-04,
1436,2020-08-04,
1437,2020-08-04,
1438,2020-08-04,
1439,2020-08-04,
1440,2020-08-04,
1441,2020-08-04,
1442,2020-08-04,
1443,2020-08-04,
1444,2020-08-04,
1445,2020-08-04,
1446,2020-08-04,
1447,2020-08-04,
1448,2020-08-04,
1449,2020-08-04,
1450,2020-08-04,
1451,2020-08-04,
1452,2020-08-04,
1453,2020-08-04,
1454,2020-08-04,
1455,2020-08-04,
1456,2020-08-04,
1457,2020-08-04,
1458,2020-08-04,
1459,2020-08-04,
1460,2020-08-04,
1461,2020-08-04,
1462,2020-08-04,
1463,2020-08-04,
1464,2020-08-04,
1465,2020-08-04,
1466,2020-08-04,
1467,2020-08-04,
1468,2020-08-04,
1469,2020-08-04,
1470,2020-08-04,
1471,2020-08-04,
1472,2020-08-04,
1473,2020-08-04,
1474,2020-08-04,
1475,2020-08-04,
1476,2020-08-04,
1477,2020-08-04,
1478,2020-08-04,
1479,2020-08-04,
1480,2020-08-04,
1481,2020-08-04,
1482,2020-08-04,
1483,2020-08-04,
1484,2020-08-04,
1485,2020-08-04,
1486,2020-08-04,
1487,2020-08-04,
1488,2020-08-04,
1489,2020-08-04,
1490,2020-08-04,
1491,2020-08-04,
1492,2020-08-04,
1493,2020-08-04,
1494,2020-08-04,
1495,2020-08-04,
1496,2020-08-04,
1497,2020-08-04,
1498,2020-08-04,
1499,2020-08-04,
1500,2020-08-04,
1501,2020-08-04,
1502,2020-08-04,
1503,2020-08-04,
1504,2020-08-04,
1505,2020-08-04,
1506,2020-08-04,
1507,2020-08-04,
1508,2020-08-04,
1509,2020-08-04,
1510,2020-08-04,
1511,2020-08-04,
1512,2020-08-04,
1513,2020-08-04,
1514,2020-08-04,
1515,2020-08-04,
1516,2020-08-04,
1517,2020-08-04,
1518,2020-08-04,
1519,2020-08-04,
1520,2020-08-04,
1521,2020-08-04,
1522,2020-08-04,
1523,2020-08-04,
1524,2020-08-04,
1525,2020-08-04,
1526,2020-08-04,
1527,2020-08-04,
1528,2020-08-04,
1529,2020-08-04,
1530,2020-08-04,
1531,2020-08-04,
1532,2020-08-04,
1533,2020-08-04,
1534,2020-08-04,
1535,2020-08-04,
1536,2020-08-04,
1537,2020-08-04,
1538,2020-08-04,
1539,2020-08-04,
1540,2020-08-04,
1541,2020-08-04,
1542,2020-08-04,
1543,2020-08-04,
1544,2020-08-04,
1545,2020-08-04,
1546,2020-08-04,
1547,2020-08-04,
1548,2020-08-04,
1549,2020-08-04,
1550,2020-08-04,
1551,2020-08-04,
1552,2020-08-04,
1553,2020-08-04,
1554,2020-08-04,
1555,2020-08-04,
1556,2020-08-04,
1557,2020-08-04,
1558,2020-08-04,
1559,2020-08-04,
1560,2020-08-04,
1561,2020-08-04,
1562,2020-08-04,
1563,2020-08-04,
1564,2020-08-04,
1565,2020-08-04,
1566,2020-08-04,
1567,2020-08-04,
1568,2020-08-04,
1569,2020-08-04,
1570,2020-08-04,
1571,2020-08-04,
1572,2020-08-04,
1573,2020-08-04,
1574,2020-08-04,
1575,2020-08-04,
1576,2020-08-04,
1577,2020-08-04,
1578,2020-08-04,
1579,2020-08-04,
1580,2020-08-04,
1581,2020-08-04,
1582,2020-08-04,
1583,2020-08-04,
1584,2020-08-04,
1585,2020-08-04,
1586,2020-08-04,
1587,2020-08-04,
1588,2020-08-04,
1589,2020-08-04,
1590,2020-08-04,
1591,2020-08-04,
1592,2020-08-04,
1593,2020-08-04,
1594,2020-08-04,
1595,2020-08-04,
1596,2020-08-04,
1597,2020-08-04,
1598,2020-08-04,
1599,2020-08-04,
1600,2020-08-04,
1601,2020-08-04,
1602,2020-08-04,
1603,2020-08-04,
1604,2020-08-04,
1605,2020-08-04,
1606,2020-08-04,
1607,2020-08-04,
1608,2020-08-04,
1609,2020-08-04,
1610,2020-08-04,
1611,2020-08-04,
1612,2020-08-04,
1613,2020-08-04,
1614,2020-08-04,
1615,2020-08-04,
1616,2020-08-04,
1617,2020-08-04,
1618,2020-08-04,
1619,2020-08-04,
1620,2020-08-04,
1621,2020-08-04,
1622,2020-08-04,
1623,2020-08-04,
1624,2020-08-04,
1625,2020-08-04,
1626,2020-08-04,
1627,2020-08-04,
1628,2020-08-04,
1629,2020-08-04,
1630,2020-08-04,
1631,2020-08-04,
1632,2020-08-04,
1633,2020-08-04,
1634,2020-08-04,
1635,2020-08-04,
1636,2020-08-04,
1637,2020-08-04,
1638,2020-08-04,
1639,2020-08-04,
1640,2020-08-04,
1641,2020-08-04,
1642,2020-08-04,
1643,2020-08-04,
1644,2020-08-04,
1645,2020-08-04,
1646,2020-08-04,
1647,2020-08-04,
1648,2020-08-04,
1649,2020-08-04,
1650,2020-08-04,
1651,2020-08-04,
1652,2020-08-04,
1653,2020-08-04,
1654,2020-08-04,
1655,2020-08-04,
1656,2020-08-04,
1657,2020-08-04,
1658,2020-08-04,
1659,2020-08-04,
1660,2020-08-04,
1661,2020-08-04,
1662,2020-08-04,
1663,2020-08-04,
1664,2020-08-04,
1665,2020-08-04,
1666,2020-08-04,
1667,2020-08-04,
1668,2020-08-04,
1669,2020-08-04,
1670,2020-08-04,
1671,2020-08-04,
1672,2020-08-04,
1673,2020-08-04,
1674,2020-08-04,
1675,2020-08-04,
1676,2020-08-04,
1677,2020-08-04,
1678,2020-08-04,
1679,2020-08-04,
1680,2020-08-04,
1681,2020-08-04,
1682,2020-08-04,
1683,2020-08-04,
1684,2020-08-04,
1685,2020-08-04,
1686,2020-08-04,
1687,2020-08-04,
1688,2020-08-04,
1689,2020-08-04,
1690,2020-08-04,
1691,2020-08-04,
1692,2020-08-04,
1693,2020-08-04,
1694,2020-08-04,
1695,2020-08-04,
1696,2020-08-04,
1697,2020-08-04,
1698,2020-08-04,
1699,2020-08-04,
1700,2020-08-04,
1701,2020-08-04,
1702,2020-08-04,
1703,2020-08-04,
1704,2020-08-04,
1705,2020-08-04,
1706,2020-08-04,
1707,2020-08-04,
1708,2020-08-04,
1709,2020-08-04,
1710,2020-08-04,
1711,2020-08-04,
1712,2020-08-04,
1713,2020-08-04,
1714,2020-08-04,
1715,2020-08-04,
1716,2020-08-04,
1717,2020-08-04,
1718,2020-08-04,
1719,2020-08-04,
1720,2020-08-04,
1721,2020-08-04,
1722,2020-08-04,
1723,2020-08-04,
1724,2020-08-04,
1725,2020-08-04,
1726,2020-08-04,
1727,2020-08-04,
1728,2020-08-04,
1729,2020-08-04,
1730,2020-08-04,
1731,2020-08-04,
1732,2020-08-04,
1733,2020-08-04,
1734,2020-08-04,
1735,2020-08-04,
1736,2020-08-04,
1737,2020-08-04,
1738,2020-08-04,
1739,2020-08-04,
1740,2020-08-04,
1741,2020-08-04,
1742,2020-08-04,
1743,2020-08-04,
1744,2020-08-04,
1745,2020-08-04,
1746,2020-08-04,
1747,2020-08-04,
1748,2020-08-04,
1749,2020-08-04,
1750,2020-08-04,
1751,2020-08-04,
1752,2020-08-04,
1753,2020-08-04,
1754,2020-08-04,
1755,2020-08-04,
1756,2020-08-04,
1757,2020-08-04,
1758,2020-08-04,
1759,2020-08-04,
1760,2020-08-04,
1761,2020-08-04,
1762,2020-08-04,
1763,2020-08-04,
1764,2020-08-04,
1765,2020-08-04,
1766,2020-08-04,
1767,2020-08-04,
1768,2020-08-04,
1769,2020-08-04,
1770,2020-08-04,
1771,2020-08-04,
1772,2020-08-04,
1773,2020-08-04,
1774,2020-08-04,
1775,2020-08-04,
1776,2020-08-04,
1777,2020-08-04,
1778,2020-08-04,
1779,2020-08-04,
1780,2020-08-04,
1781,2020-08-04,
1782,2020-08-04,
1783,2020-08-04,
1784,2020-08-04,
1785,2020-08-04,
1786,2020-08-04,
1787,2020-08-04,
1788,2020-08-04,
1789,2020-08-04,
1790,2020-08-04,
1791,2020-08-04,
1792,2020-08-04,
1793,2020-08-04,
1794,2020-08-04,
1795,2020-08-04,
1796,2020-08-04,
1797,2020-08-04,
1798,2020-08-04,
1799,2020-08-04,
1800,2020-08-04,
1801,2020-08-04,
1802,2020-08-04,
1803,2020-08-04,
1804,2020-08-04,
1805,2020-08-04,
1806,2020-08-04,
1807,2020-08-04,
1808,2020-08-04,
1809,2020-08-04,
1810,2020-08-04,
1811,2020-08-04,
1812,2020-08-04,
1813,2020-08-04,
1814,2020-08-04,
1815,2020-08-04,
1816,2020-08-04,
1817,2020-08-04,
1818,2020-08-04,
1819,2020-08-04,
1820,2020-08-04,
1821,2020-08-04,
1822,2020-08-04,
1823,2020-08-04,
1824,2020-08-04,
1825,2020-08-04,
1826,2020-08-04,
1827,2020-08-04,
1828,2020-08-04,
1829,2020-08-04,
1830,2020-08-04,
1831,2020-08-04,
1832,2020-08-04,
1833,2020-08-04,
1834,2020-08-04,
1835,2020-08-04,
1836,2020-08-04,
1837,2020-08-04,
1838,2020-08-04,
1839,2020-08-04,
1840,2020-08-04,
1841,2020-08-04,
1842,2020-08-04,
1843,2020-08-04,
1844,2020-08-04,
1845,2020-08-04,
1846,2020-08-04,
1847,2020-08-04,
1848,2020-08-04,
1849,2020-08-04,
1850,2020-08-04,
1851,2020-08-04,
1852,2020-08-04,
1853,2020-08-04,
1854,2020-08-04,
1855,2020-08-04,
1856,2020-08-04,
1857,2020-08-04,
1858,2020-08-04,
1859,2020-08-04,
1860,2020-08-04,
1861,2020-08-04,
1862,2020-08-04,
1863,2020-08-04,
1864,2020-08-04,
1865,2020-08-04,
1866,2020-08-04,
1867,2020-08-04,
1868,2020-08-04,
1869,2020-08-04,
1870,2020-08-04,
1871,2020-08-04,
1872,2020-08-04,
1873,2020-08-04,
1874,2020-08-04,
1875,2020-08-04,
1876,2020-08-04,
1877,2020-08-04,
1878,2020-08-04,
1879,2020-08-04,
1880,2020-08-04,
1881,2020-08-04,
1882,2020-08-04,
1883,2020-08-04,
1884,2020-08-04,
1885,2020-08-04,
1886,2020-08-04,
1887,2020-08-04,
1888,2020-08-04,
1889,2020-08-04,
1890,2020-08-04,
1891,2020-08-04,
1892,2020-08-04,
1893,2020-08-04,
1894,2020-08-04,
1895,2020-08-04,
1896,2020-08-04,
1897,2020-08-04,
1898,2020-08-04,
1899,2020-08-04,
1900,2020-08-04,
1901,2020-08-04,
1902,2020-08-04,
1903,2020-08-04,
1904,2020-08-04,
1905,2020-08-04,
1906,2020-08-04,
1907,2020-08-04,
1908,2020-08-04,
1909,2020-08-04,
1910,2020-08-04,
1911,2020-08-04,
1912,2020-08-04,
1913,2020-08-04,
1914,2020-08-04,
1915,2020-08-04,
1916,2020-08-04,
1917,2020-08-04,
1918,2020-08-04,
1919,2020-08-04,
1920,2020-08-04,
1921,2020-08-04,
1922,2020-08-04,
1923,2020-08-04,
1924,2020-08-04,
1925,2020-08-04,
1926,2020-08-04,
1927,2020-08-04,
1928,2020-08-04,
1929,2020-08-04,
1930,2020-08-04,
1931,2020-08-04,
1932,2020-08-04,
1933,2020-08-04,
1934,2020-08-04,
1935,2020-08-04,
1936,2020-08-04,
1937,2020-08-04,
1938,2020-08-04,
1939,2020-08-04,
1940,2020-08-04,
1941,2020-08-04,
1942,2020-08-04,
1943,2020-08-04,
1944,2020-08-04,
1945,2020-08-04,
1946,2020-08-04,
1947,2020-08-04,
1948,2020-08-04,
1949,2020-08-04,
1950,2020-08-04,
1951,2020-08-04,
1952,2020-08-04,
1953,2020-08-04,
1954,2020-08-04,
1955,2020-08-04,
1956,2020-08-04,
1957,2020-08-04,
1958,2020-08-04,
1959,2020-08-04,
1960,2020-08-04,
1961,2020-08-04,
1962,2020-08-04,
1963,2020-08-04,
1964,2020-08-04,
1965,2020-08-04,
1966,2020-08-04,
1967,2020-08-04,
1968,2020-08-04,
1969,2020-08-04,
1970,2020-08-04,
1971,2020-08-04,
1972,2020-08-04,
1973,2020-08-04,
1974,2020-08-04,
1975,2020-08-04,
1976,2020-08-04,
1977,2020-08-04,
1978,2020-08-04,
1979,2020-08-04,
1980,2020-08-04,
1981,2020-08-04,
1982,2020-08-04,
1983,2020-08-04,
1984,2020-08-04,
1985,2020-08-04,
1986,2020-08-04,
1987,2020-08-04,
1988,2020-08-04,
1989,2020-08-04,
1990,2020-08-04,
1991,2020-08-04,
1992,2020-08-04,
1993,2020-08-04,
1994,2020-08-04,
1995,2020-08-04,
1996,2020-08-04,
1997,2020-08-04,
1998,2020-08-04,
1999,2020-08-04,
2000,2020-08-04,
